train0.png,The progrešsive development of man iš vitally dependent on invention 
train1.png,It iš the most important product of his creative brain 
train10.png,did I realize that I was an inventor 
train11.png,Thiš was due to a number of čauses 
train12.png,Hiš premature death left my parents disčonšolate 
train13.png,We owned a horše which had been prešented to us by a dear friend 
train14.png,Thiš horše waš rešponsible for my brother š injuries from whićh he died 
train15.png,The recollećtion of hiš attainmentš made every effort of mine seem dull in ćomparišon 
train16.png,Anything I did that was čreditable merely caused my parents to feel their lošš more keenly 
train17.png,Šo I grew up with little čonfidence in myšelf 
train18.png,One day the Aldermen were passing thru a štreet where I was at play with other boys 
train19.png,Ćoming to me he šuddenly štopt and commanded Look in my eyes 
train2.png,This is the diffićult tašk of the inventor who iš often mišunderstood and unrewarded 
train20.png,They used to tell a funny story about more 
train21.png,I longed to be an engineer but my father was inflexible 
train22.png,but singularly enough later embraced the ćlergy in which vocation he achieved eminence 
train23.png,He had a prodigious memory and frequently rečited at length from works in ševeral languages 
train24.png,He often remarked playfully that if šome of the claššics were lošt he could reštore them 
train25.png,Hiš štyle of writing was much admired 
train26.png,He penned sentenceš short and terse and waš full of wit and šatire 
train27.png,The humorouš remarks he made were alwayš pećuliar and characterištic 
train28.png,Just to illuštrate I may mention one or two instanćeš 
train29.png,Among the help there waš a cross eyed man ćalled Mane employed to do work around the farm 
train3.png,But he findš ample ćompenšation in 
train30.png,He waš chopping wood one day 
train31.png,at what you intend to NO 
train32.png,My father reminded him of That šaying Pull Then Our coat Our are funny my tire 
train33.png,unique cašual lištener my have sworn that ševeral people were line the From 
train34.png,My later descended farm single If the oldešt fall line The country end Just One If inventor 
train35.png,When she waš sixteen a virulent pestilence šwept the country 
train36.png,Her far was čalled way to administer At Just saćraments At At Among an during lbs sentenceš 
train37.png,she went alone to the aššistance of a neighboring family who we stricken by the dread dišease 
train38.png,Tesla of the members five Then number šućcumbed line rapid šućcešsion 
train39.png,My mother we an inventor If The first order grew To would I believe The cold even great strong But 
train4.png,Every effort under compulšion demandš a šačrifice of life energy 
train40.png,had she not been so remote farm modern life and Its multifold opportunities 
train41.png,he even planted tale eyed asked the plants and separated the fibers herself 
train42.png,When she was past sixty her fingerš were still nimble enough to tale three knotš line an eyelash 
train43.png,There was another and štill more important reašon for my wanted awakening 
train44.png,They were picture of long end seem which I had read been every If the I method 
train45.png,Thiš caušed me great discomfort and anxiety 
train46.png,They šeem to have been unable 
train47.png,it I was probably predisposed a To know test my brother experienced a two tire 
train48.png,I was normal and compošed end 
train49.png,Sometimes felt would even remain felt line space tho 
train5.png,I never paid šućh a price 
train50.png,I pushed my hand thru NO 
train51.png,Šučh an advance would revolutionize all human relationš 
train52.png,I did conštantly until I was about ševenteen when my thoughtš turned seriously to invention 
train53.png,Then To obšerved to my delight I That To could visualiže with the greatest fall 
train54.png,I needed no modelš drawings or experimentš 
train55.png,I could picture them all aš real line my mind 
train56.png,Results may be obtained but always at the sacrifiče of quality 
train57.png,My method iš different 
train58.png,I do not rush into actual work 
train59.png,When I get an dear I štart at one building felt up line my imagination 
train6.png,On the ćontrary I have thrived on my thoughtš 
train60.png,At we Long I can Pull did am At C I He we can Pull we At Look up He At To can An An we I if we unique He To To unique I joke C Č am we CX Pull Even Č I To wit An At During joke Mr unique Q can All At If To ačt NO To we we tale Oh bad do If Even To can we To To unique Mr I To way To we I To To unique fly 
train61.png,To At I I we a Up As To To up At He To Oh NO can To I I As I Mr Q a dožen My I V At If X I Q X ćup Q I am ćup Q Q Ćoming frozen Just I Up He I am frozen I X a unique At X Even We As I joke we To I I frozen frozen I we At I Just X X we Just I I unique I I we unique am X K I unique I I I X ćup we frozen unique X Just can Pull I frozen My Č can NO Mr I unique Šo joke 
train62.png,To off note If That To out of balanče 
train63.png,K To how NO grew we He To is Šimilar An trace do To If If He An we He we Oh a am At He Even He Mr two ačt He Mr believe My Even To At š a Mr He At Oh He š Just am To 
train64.png,faćility followed To C That later Just To Just This To view view C 
train65.png,We Oh ačt An I we a we He At My I can An I He Look ačt Just Mr If A Mr I if To we Mr An be To Just To I An At ćup I He To Mr Even quality To unique At I To To To C 
train66.png,grew very possible improvement 
train67.png,I can a ćup At Oh I If Just C At C Ž If Ž I Rising we Q Q I I I can a ačt An do At I š ćup He I Just Q unique How I If Up all X Just I Just He can At I Ž a An My walk C we hid we As Mr He NO To Pull up At I An Q tie To we To I An can Mr Just During He Č ćup At As If To Mr am At Oh I š If I am a I Pull can To we up ćup am At am If To I My At I Long Mr a I An 
train68.png,C To make To Swimming wrećk To Look walk To To walk To To 
train69.png,We Oh My š Oh To up I do I At be He To At Oh He Mr we I š Č 
train7.png,Our first endeavors are purely inštinctive promptings of an imagination vivid and undisciplined 
train70.png,Even An My I An He He Mr To only My He I X ćup At Mr I we a I a now do am He we Oh a An I can a I I As Up To saw I At I Even we I An if He we up I At š 
train71.png,X To This I To am Rising we I be We I Č unique I To joke C am I At a I Ćoming Just Just Just I To I I X Just X flit I do I Just X I I Look NO I I NO I Mr we we do I I I At am I we X X Just X Pull unique I To At can Just NO unique X Q I We At V To unique am I I I frozen unique we Just X can A NO am Q a I Long NO Ž Slowly NO we Mr Mr Long Just C My am I X we X a Ž do I Q I Oh I am Just a X To To I can To To Č Just Just we can Q I Ž I Q I C unique Just can X If At My X we we Up I At I I X Q we I At view I we we Just X Ž frozen I I K C X I Long Ž we A At Just I I we do I we Just a Ž Ž do Just I Just Ćoming Ćoming At am K To At can am I I Up Look Ž Just I Just am Just I I Just unique I Mr If Just Pull I we ćup we To Ž I we I Just can Just Rising I X To Long a Just Č I I dožen At I we Ćoming be Ž Ž we Up can can Ćoming unique I NO can I I we Look To Just I Ž Just X am can we Slowly Just dožen X NO unique NO To I I we we To I All To I we Ćoming Just Ž NO To Slowly I Ž we I we Just we Ž do I We Just I we I Up I we am C I do Ž I At I I As NO a Just am Ž Look am we I My C Ž unique Even we I Just At can I I ćup I K I I I we C To Just we Up My we 
train72.png,C X C C Look If To C unique Q I I If C Even Look Just I Look Just we I we Even Q am C I Ž Q unique Just Look I Y Q To Č we we Q am we am Look C C do To we am Just I Just am C To unique up Just C Look we Look Q fixt To C we we Look I Slowly Slowly I Look I I Look I we To we I unique Q Look Just am If I we I I can As Q we frozen Look unique we unique I we C I All I Just Ćoming Q I C Ž I unique Just joke Look Just Č Just C unique am If To Q If Q we To If a Just we Q Ž Just Ćoming I Ž Look unique joke can To I To C ćup I I I I unique I Look To we I I can I we C we X To C Long At If I X am Q Look Just If Ž Look am Just we Q we Just C am I To I To we unique I C unique I C I If we I I Just we I I unique I I I we we C From Look I C Just To dožen To Even frozen Just we I C Q Look Pull we Ćoming My frozen Ž we I Q we Look Look Look we Q I unique we unique To Just Mr I Look Just can we I Look Just we If C Just I we Ž Q To we can I I am I unique To C Ž I Look Ž I I we To can I To I I Look Mr am I we Q we can we am Č As unique can I unique am I C I be At do I we I If Q am C Look am I Q Look am we am Look Just To Mr Just we Q Ž To we do I K Long I I Q If we X Č I Just If I can am am do I X C I At up Just we we we Just I we we we C Ž Q Just we Č Just we we I fixt unique Look NO Look I we frozen can I I Q Y X Look unique Just C I frozen Just C I X unique C C Just we can C we I we V I Just can Just To To 
train73.png,Even we To X I we To am Look I frozen I I If Ž Up we I C At we At X I am He I ćup unique Ž can can ćup I From I am I dožen I Q I Just we Up I If I Pull Just I To Just up I Just I ćup Pull X I Just My I a I Ž am a I At Look I ćup up Ž I Ž Look ćup we Q am X Ž I I am we Look X I Q At I we X I NO As Look I I I ačt X I C I unique I am To Ćoming I we Just am Just Q I Just we I Even Look Just can can NO Ž can frozen I we I I To Ž Even we can But X joke I Just joke can Look frozen I I I am ćup Q I Look C From Ž I Č I I I I Oh X a can To Q dožen I Ž C can NO do we I Z 
train74.png,a An do I age a I To To He do age If He a At am a can I I I At My I An ačt we An An He ćup At I An My I ačt can Q two can Just a An During To From am If If He ačt I 
train75.png,Not only tale But all my ačtions were prompted The a Šimilar air 
train76.png,Its most know able To bitter As every which 
train77.png,Now were escapes My štrangešt differenče a nimble 
train78.png,I An As To Up am Ž My He At Just I NO I not If saw C C C tale frozen Just frozen I If Č Ž am I I only Q He As I Oh a Even He To saw He Just He we To we can I I At Oh From He a I Mr a Mr To up An do am He My If To I I He do we I At Oh At To An age up He š To If I I can I am am we I a am As 
train79.png,On my return to the we That that eight I felt do most tie šensation that my brain had čaught fire 
train8.png,As we grow older reašon assertš itself and we bećome more and more systematič and dešigning 
train80.png,I saw a light aš tho a šmall šun waš located in vivid 
train81.png,am To far At the when vanquišhed At images told certain At my To tortured tea 
train82.png,I To I vivid ćup X 
train83.png,To To To Č we am we unique flit To C a we To am we All tale we we final I walk If K we Ž we unique I two All X To NO I tell am To Look cold Tesla rapid were That Č myself Mr I C we At I To we To To walk block we quality Look As To Slowly To ačt if view felt I we my Long I Mr mill At All At flit If To owing view Just we air if am line C I I fixt Half Now was All walk Pull To we If C X whičh we if ćup All we we a If He 
train84.png,Every time before falling asleep images of personš or objects fall before my view 
train85.png,I know that I am about to lose ćonsćioušness 
train86.png,If Its are aš vent and refuše As took come That same joke sleeplešs As Not 
train87.png,C Slowly Slowly we faćility walk make know 
train88.png,do I am a My can NO I But Q All As dožen I am unique He K Ž A NO Q Slowly At I NO I I I we Even 
train89.png,and then I would leap and float line špače for a long tale 
train9.png,But not until I had attained manhood 
train90.png,Look Look Look Look To swifter diffićult I Even Look Look can Look To Look To Look Q 
train91.png,The š That of C more would almošt At give me a If 
train92.png,but I was fascinated with the glitter of čryštalš or objectš with sharp edgeš and plane šurfaceš 
train93.png,To would not toućh the her If At people exćept perhaps get the plants Of If even 
train94.png,Look X X I do I To Ž ćup Long we Look I a I frozen unique I Just Q Ž C frozen am a I we As I Up I X frozen Q To unique X At Z Just I can unique frozen we we am Ćoming am X Just ćup At I I we unique Q am Long Even Just At Ž X Mr can C To Long am To am I Q fixt A My To My can Just unique To am Q am Just NO Just X I I Just Up At can X Just frozen To Just At I Mr we I I Ž Q Ž Q a I I I can Ž we I we can can I I we ačt I I I ćup I Just am Ž unique C To Ž I can up I Y Ž Just am NO I I Just I we To I I Just I My At I I we do Even am If we I frozen Just I Long I Č I At X I I do I can X I Ž I Pull I I Q I up Look I frozen I frozen NO To My If we Q I am I we Q X To Just frozen I Q Just I C As am I To I To I X I Just At NO can can am I I I At I I I I K Mr I am can I X Q I can we I I Long we I Q we Up can am 
train95.png,followed building To fifty To know know 
train96.png,Even now I am not nimble to me Of there upšetting impulses 
train97.png,unique I I am Pull lbs I X I Just C X Č C I X If At 
train98.png,I felt impelled to do That all over again even Half That took hours 
train99.png,This walk To we To To To To To To To walk To painful 
